"Customer_ID","First_Purchase_Date","Last_Purchase_Date","Total_Purchases","Avg_Purchase_Value","Total_Spent","Customer_Age","Customer_Segment","Tenure","Churn"
1,2021-09-29,2022-01-08,21,169.36,2284.31,24,"Regular",114,1
2,2021-02-05,2020-05-22,30,119.58,1085.95,70,"Regular",69,0
3,2016-06-10,2017-11-18,36,120.31,4548.2,38,"VIP",6,0
4,2015-07-15,2022-08-18,54,152.19,2507.83,37,"Regular",115,0
5,2020-01-17,2022-11-19,66,89.92,2450.64,37,"VIP",61,0
6,2018-02-16,2019-04-25,12,165.56,2377.53,55,"Regular",11,1
7,2018-06-07,2018-04-25,27,173.38,1913.71,67,"High-Value",44,0
8,2018-06-22,2022-09-15,67,162.72,1135.48,25,"High-Value",75,1
9,2017-11-04,2020-12-18,19,95.06,4057.11,61,"Regular",42,1
10,2016-10-27,2022-07-11,34,49.98,4283.72,27,"VIP",83,0
11,2019-06-16,2019-02-14,24,150.47,1368.37,55,"Regular",83,1
12,2017-10-08,2020-02-06,36,37.04,2557.56,47,"Regular",14,0
13,2018-01-20,2018-02-24,27,30.24,1637.52,38,"High-Value",3,0
14,2017-08-11,2021-10-28,78,23.97,873.23,45,"VIP",17,1
15,2015-12-15,2018-01-21,40,137.41,3960.75,44,"High-Value",37,0
16,2017-10-14,2021-05-03,49,144.78,1745.95,55,"Regular",119,0
17,2020-07-06,2016-05-31,85,53.32,2772.85,62,"VIP",11,1
18,2018-10-11,2020-12-13,62,163.32,1105.28,38,"High-Value",47,0
19,2020-09-05,2020-06-02,22,162.34,2647.56,25,"Regular",113,1
20,2018-12-21,2020-08-15,98,133.67,4327.78,34,"VIP",62,0
21,2019-08-01,2022-04-03,87,191.96,563.31,43,"VIP",120,0
22,2019-11-26,2021-07-08,24,46.06,4975.26,57,"Regular",65,0
23,2015-07-31,2022-03-03,37,30.99,4050.53,44,"Regular",12,0
24,2019-06-03,2020-07-05,99,189.47,1626.11,61,"Regular",110,0
25,2016-07-09,2016-08-02,36,172.41,3832.36,29,"VIP",15,0
26,2020-03-10,2018-02-16,45,84.01,2584.66,33,"Regular",81,0
27,2016-01-09,2017-10-29,59,92.23,659.55,33,"Regular",7,0
28,2018-03-13,2018-08-22,48,193.23,3245.72,47,"Regular",28,0
29,2019-12-05,2018-03-19,77,37.53,2301.2,50,"Regular",89,0
30,2017-06-24,2017-07-08,4,147.68,4984.81,63,"Regular",8,0
31,2020-02-10,2016-10-15,63,119.67,2491.65,65,"VIP",42,1
32,2017-11-13,2016-08-12,16,178.95,544.68,59,"VIP",11,0
33,2015-11-06,2019-12-06,62,151.94,614.49,64,"Regular",50,0
34,2018-06-02,2021-09-27,23,133.31,1866.39,41,"Regular",94,1
35,2015-06-16,2017-05-25,32,47.99,1059.52,24,"VIP",68,0
36,2015-08-06,2021-11-09,23,105.36,1015.38,52,"Regular",98,0
37,2018-08-07,2018-02-06,69,98.33,2534.22,21,"VIP",25,0
38,2020-10-21,2018-01-10,76,48.01,2344.86,64,"Regular",72,1
39,2016-08-11,2022-01-03,97,169.96,1721.02,30,"High-Value",88,0
40,2019-05-19,2018-12-30,54,71.88,2260.91,31,"Regular",71,1
41,2015-05-22,2016-10-13,83,134.46,3003.53,48,"High-Value",33,1
42,2016-12-23,2021-12-31,58,106.62,1547.39,36,"VIP",35,0
43,2015-06-03,2017-05-01,16,121.89,713.4,63,"Regular",8,0
44,2015-10-22,2018-04-20,44,129.99,4850.08,18,"Regular",67,1
45,2015-10-05,2017-06-02,10,39.09,1218.95,48,"VIP",86,0
46,2019-01-27,2017-02-25,59,107.61,3206.46,23,"Regular",31,0
47,2015-02-11,2022-02-20,8,49.22,4723.34,66,"High-Value",55,0
48,2021-10-15,2022-12-31,63,97.29,4962.46,41,"Regular",78,0
49,2020-11-08,2018-05-21,20,140.69,3161.44,52,"Regular",78,0
50,2015-11-13,2023-02-02,18,123.1,4077.15,52,"VIP",103,1
51,2018-03-29,2021-09-22,38,68.04,894.86,18,"Regular",52,0
52,2017-01-22,2019-09-22,31,74,962.96,66,"VIP",52,1
53,2016-01-10,2021-01-15,34,21.92,1086.78,35,"Regular",93,0
54,2020-01-17,2018-03-04,49,73.28,1515.1,26,"High-Value",4,0
55,2020-07-26,2019-08-18,59,146.69,2008.43,31,"High-Value",64,0
56,2020-09-13,2018-11-15,91,33.09,3234.15,32,"VIP",33,1
57,2016-05-31,2022-05-03,76,195.44,1383.73,65,"High-Value",37,1
58,2015-01-14,2019-08-30,77,164.23,1767.5,30,"VIP",14,0
59,2020-10-18,2022-06-03,28,180.38,863.96,42,"Regular",120,0
60,2020-07-31,2018-11-25,50,113.37,3372.98,48,"VIP",65,0
61,2020-04-03,2020-10-13,28,81.81,4358.39,34,"Regular",35,1
62,2017-01-25,2020-06-14,44,104,3956.41,47,"High-Value",93,0
63,2021-09-23,2020-01-08,7,39.56,3219.41,58,"Regular",21,0
64,2018-08-25,2022-08-09,93,61.29,3484.25,58,"Regular",50,1
65,2018-01-18,2017-04-02,74,87.48,3861.11,57,"Regular",21,0
66,2017-10-03,2021-07-08,72,92.39,2509.07,57,"VIP",88,0
67,2021-05-28,2022-07-23,76,139.87,1432.52,65,"Regular",60,1
68,2018-12-19,2022-10-27,46,44.94,1669.72,48,"Regular",18,0
69,2016-11-02,2020-05-01,32,103.59,2452.02,36,"Regular",37,0
70,2020-12-09,2020-12-08,85,46.46,943.89,61,"VIP",8,0
71,2018-02-08,2017-08-24,95,119.51,649.1,35,"High-Value",29,1
72,2017-12-24,2017-09-18,58,24.95,3350.34,49,"High-Value",103,1
73,2019-02-16,2021-07-13,19,164.9,2919.69,67,"Regular",75,1
74,2020-04-18,2022-05-16,88,170.64,4198.2,67,"Regular",66,0
75,2019-02-10,2022-09-04,73,56.26,3476.78,64,"VIP",37,0
76,2016-04-25,2022-03-30,8,119.02,2607.13,29,"Regular",78,1
77,2020-10-16,2020-08-14,98,130.33,4363.35,28,"High-Value",14,1
78,2020-03-29,2019-11-26,90,43.77,3985.07,18,"Regular",76,0
79,2020-02-15,2019-11-29,93,145.51,2220.51,57,"Regular",4,0
80,2018-01-14,2020-02-27,41,177.99,4941.7,35,"Regular",8,0
81,2015-06-15,2022-06-01,42,191.07,1461.29,52,"Regular",29,0
82,2017-12-11,2018-03-19,39,152.1,4880.45,34,"Regular",48,0
83,2018-10-18,2021-10-19,23,20.31,2529.13,56,"Regular",39,0
84,2021-04-03,2022-05-09,27,158.79,1896.5,32,"Regular",60,1
85,2016-09-02,2021-03-11,4,81.96,4366.47,38,"High-Value",83,0
86,2021-07-06,2018-07-03,34,93.92,3684.7,43,"Regular",90,0
87,2015-05-08,2019-12-20,26,20.56,3006.35,62,"Regular",12,1
88,2021-03-10,2019-09-07,47,80.51,1585.73,38,"High-Value",16,1
89,2016-11-17,2019-04-06,64,78.39,2859.79,56,"Regular",6,1
90,2020-06-05,2022-08-17,65,102.97,3896.8,26,"Regular",117,0
91,2017-07-20,2016-09-09,71,168.56,2749.34,70,"Regular",97,0
92,2021-04-10,2021-06-21,17,138.29,2645.28,67,"Regular",5,0
93,2017-04-27,2018-06-25,95,85.99,2766.04,42,"Regular",24,0
94,2017-09-10,2017-03-13,43,161.86,3242.01,41,"Regular",74,0
95,2016-09-11,2022-01-05,36,88.7,2720.91,60,"Regular",88,0
96,2020-04-11,2017-07-21,100,189.92,1378.25,47,"VIP",99,0
97,2016-04-22,2023-02-08,38,158.93,2804.54,33,"VIP",19,0
98,2020-06-22,2017-07-10,84,74.96,4486.87,43,"Regular",101,1
99,2015-06-01,2022-08-15,60,63.37,842.02,18,"VIP",109,0
100,2019-06-27,2019-12-04,17,47.89,2599.06,43,"Regular",71,0
101,2021-01-17,2016-07-02,64,179.87,4396.54,60,"Regular",28,1
102,2021-01-12,2020-01-23,59,117.23,1975.22,21,"VIP",7,0
103,2021-10-10,2021-03-26,26,183.17,3178.05,61,"VIP",61,0
104,2017-10-26,2016-12-16,81,199.77,2612.58,56,"High-Value",106,0
105,2015-11-23,2022-09-02,32,119.94,3918.53,47,"Regular",78,0
106,2020-05-10,2016-10-05,90,80.14,2887.02,61,"Regular",53,0
107,2018-06-16,2017-08-14,71,140.37,4859.15,55,"Regular",116,0
108,2019-11-24,2021-07-26,69,177.33,4771.27,69,"Regular",49,0
109,2018-09-25,2021-03-14,29,196.03,3087.48,21,"VIP",50,0
110,2017-09-12,2021-02-03,88,92.71,1100.05,18,"Regular",111,0
111,2020-09-18,2019-02-11,21,152.19,1639.76,23,"Regular",55,0
112,2017-09-13,2019-07-02,48,76.9,4968.65,38,"Regular",33,1
113,2015-05-18,2021-12-20,85,102.19,2334.98,18,"VIP",115,0
114,2019-10-29,2020-10-04,37,62.97,1488.51,41,"Regular",20,0
115,2019-05-04,2017-12-15,11,144.62,2067.11,54,"VIP",1,0
116,2016-08-12,2019-02-11,58,94.94,3061.94,50,"Regular",58,1
117,2020-03-18,2019-06-08,96,144.16,636.53,30,"Regular",101,1
118,2020-09-18,2020-06-15,87,190.94,589.05,53,"VIP",72,1
119,2021-02-22,2016-07-23,11,29.17,2009.55,56,"VIP",16,0
120,2019-11-29,2018-08-02,87,131.35,1653.83,69,"Regular",19,0
121,2016-11-11,2017-02-14,100,154.4,602.22,31,"Regular",62,1
122,2019-06-19,2021-04-05,22,143.66,3955.31,57,"Regular",32,0
123,2017-09-12,2016-07-28,92,177.41,4014.23,43,"VIP",26,0
124,2019-12-14,2022-10-14,17,163.85,3619.86,31,"Regular",92,0
125,2015-12-11,2023-01-31,79,178.86,729.84,27,"VIP",5,0
126,2015-07-15,2018-05-25,34,196.55,3466.88,57,"VIP",84,1
127,2020-02-29,2022-03-15,97,118.75,3932.02,21,"Regular",51,1
128,2017-05-26,2017-03-09,73,160.58,1941.5,36,"Regular",82,0
129,2021-02-03,2018-08-08,35,124.31,2317.92,19,"Regular",34,0
130,2016-07-08,2022-09-04,4,33.82,646.8,26,"Regular",34,0
131,2020-11-02,2019-07-14,41,104.38,2715.02,18,"High-Value",88,0
132,2019-03-28,2022-07-27,75,47.12,1137.54,66,"VIP",18,0
133,2018-08-19,2018-06-18,83,120.13,4096.21,29,"Regular",27,0
134,2016-12-07,2019-05-24,41,30.08,2341.01,65,"Regular",111,1
135,2016-12-13,2018-05-09,42,152.58,4713.96,36,"VIP",31,0
136,2018-12-23,2017-01-18,16,20.4,3798.09,58,"Regular",43,1
137,2016-11-03,2019-07-19,13,35.72,2457.33,25,"Regular",37,0
138,2018-06-28,2018-07-22,24,182.29,4094.73,33,"Regular",108,0
139,2020-01-03,2022-10-15,86,195.35,2148.36,33,"VIP",3,0
140,2021-09-12,2017-07-03,77,75.94,2214.44,65,"Regular",93,1
141,2016-06-12,2020-09-01,47,135.56,3530.96,60,"High-Value",53,1
142,2021-08-26,2022-03-05,4,137.64,2478.96,40,"High-Value",71,1
143,2019-04-19,2021-09-23,72,130.21,3706.72,37,"High-Value",22,1
144,2020-09-19,2018-11-13,10,178.64,2458.93,54,"VIP",83,0
145,2020-05-14,2016-11-05,37,160.67,3494.17,53,"Regular",25,1
146,2016-04-18,2020-10-29,18,74.79,2853.79,59,"Regular",40,0
147,2021-02-26,2017-01-03,78,29.72,4566.14,46,"Regular",51,0
148,2020-06-25,2019-12-01,22,100.34,4720.42,64,"Regular",57,0
149,2018-02-23,2019-02-01,93,96.68,4824.95,20,"Regular",17,0
150,2020-07-30,2019-07-25,19,134.65,1551.65,23,"VIP",51,0
151,2021-05-02,2020-02-14,83,154.05,2441.5,37,"VIP",7,1
152,2020-04-11,2022-05-21,50,126.08,2384.95,49,"High-Value",120,0
153,2021-02-12,2016-12-14,38,103.31,1218.13,28,"Regular",89,0
154,2016-04-03,2019-09-18,40,59.49,2891.19,27,"Regular",111,0
155,2017-04-11,2018-06-26,7,101.63,4700.75,23,"Regular",90,0
156,2017-12-14,2020-08-06,95,158.16,906.82,61,"VIP",79,0
157,2017-07-08,2021-05-11,36,66.48,3453.8,36,"Regular",51,0
158,2019-04-12,2022-02-27,12,147.32,1303.33,63,"Regular",46,0
159,2021-04-02,2023-02-20,10,160.17,1618.62,49,"Regular",77,0
160,2018-08-06,2022-10-27,60,89.57,3107.13,31,"High-Value",68,0
161,2015-07-05,2022-01-14,10,75.54,946.19,31,"High-Value",82,1
162,2016-02-18,2021-11-10,79,39.94,3494.01,36,"High-Value",90,1
163,2016-09-19,2017-03-24,74,106.38,3291.24,42,"Regular",59,0
164,2018-08-26,2020-04-14,93,152.61,4427.94,32,"Regular",65,0
165,2021-03-03,2019-06-27,75,113.19,1394.79,69,"VIP",38,0
166,2020-03-14,2017-03-04,44,186.19,1943.21,65,"Regular",74,0
167,2017-02-18,2020-08-27,61,22.6,2343.69,70,"Regular",52,0
168,2019-04-11,2018-03-23,54,184.93,4671.56,58,"Regular",34,0
169,2016-07-18,2021-11-28,66,124.33,695.66,60,"Regular",41,0
170,2017-03-05,2020-12-07,33,165.54,1371.39,42,"VIP",103,0
171,2018-11-16,2017-09-28,21,98.04,3740.29,54,"High-Value",25,0
172,2021-09-23,2018-05-05,19,76.61,748.46,24,"Regular",26,1
173,2018-10-02,2018-10-15,79,93.59,4915.55,38,"VIP",27,0
174,2015-06-10,2020-10-06,45,73.57,616.22,35,"VIP",102,1
175,2016-09-09,2019-08-05,6,41.63,2791.46,43,"Regular",49,0
176,2015-12-24,2022-01-30,67,70.11,4393.46,52,"Regular",9,1
177,2015-10-07,2022-12-09,90,69.6,1857.27,51,"Regular",114,1
178,2015-09-28,2020-12-01,36,81.25,3288.96,56,"Regular",53,1
179,2021-07-23,2021-10-17,74,23.3,3043.56,40,"Regular",62,1
180,2021-03-16,2017-05-02,67,156.96,2516.52,25,"VIP",53,0
181,2016-09-10,2020-11-20,4,100.49,4741.61,28,"Regular",92,0
182,2020-03-20,2017-04-07,38,128.21,2230.37,27,"Regular",30,0
183,2015-12-04,2017-06-26,79,38.88,2052.46,59,"VIP",32,0
184,2020-09-05,2022-05-06,39,25.71,4746.47,21,"Regular",61,1
185,2016-06-23,2016-11-25,66,53.23,916.28,70,"Regular",37,0
186,2017-09-08,2021-09-18,88,25.65,4483.19,56,"VIP",15,1
187,2017-08-14,2022-07-17,13,188.99,1842.64,18,"Regular",117,0
188,2019-11-17,2020-06-21,63,108.36,1209.88,44,"Regular",72,0
189,2019-08-18,2019-12-09,95,164.45,1003.55,49,"Regular",55,1
190,2019-03-03,2018-01-03,24,120.73,869.5,38,"Regular",85,0
191,2018-12-16,2018-10-20,70,39.77,1543.35,32,"Regular",77,0
192,2017-12-17,2016-06-29,66,21.89,4374.97,30,"Regular",32,0
193,2021-01-20,2016-06-10,30,97.82,2359.45,46,"VIP",79,1
194,2021-04-05,2020-04-03,12,57.28,3706.11,48,"VIP",59,0
195,2019-08-25,2019-04-22,90,165.13,4684.51,22,"Regular",4,0
196,2021-07-06,2019-07-18,41,111.98,1871.07,32,"Regular",97,0
197,2018-11-14,2018-09-15,59,116.96,3823.47,42,"Regular",5,1
198,2015-04-28,2018-11-01,44,187.06,3443.51,18,"Regular",104,0
199,2016-10-10,2016-07-30,2,33.71,1870.12,46,"High-Value",52,0
200,2017-12-15,2021-02-24,60,23.97,596.86,54,"Regular",102,1
201,2018-05-26,2022-01-11,43,120.41,2219.65,20,"High-Value",51,0
202,2019-09-03,2021-01-01,41,38.84,1638.41,30,"Regular",18,1
203,2021-09-29,2019-09-04,56,67.36,2897.12,68,"Regular",79,0
204,2017-05-23,2016-09-28,76,45.2,3507,65,"Regular",39,0
205,2017-01-27,2021-02-21,65,47.54,1813.92,60,"VIP",84,0
206,2020-05-19,2018-05-09,27,122.53,2619.22,66,"High-Value",15,0
207,2017-09-15,2022-08-04,34,30.54,2208.09,49,"High-Value",90,0
208,2021-10-31,2019-11-14,50,133.33,949.73,63,"Regular",1,0
209,2016-12-12,2020-09-15,39,152.48,1301.9,41,"Regular",70,0
210,2019-02-01,2018-12-16,28,87.36,4302.55,22,"High-Value",86,0
211,2018-05-19,2018-02-24,69,146.94,2626.91,34,"Regular",116,1
212,2015-12-16,2017-05-03,47,29.62,4449.19,40,"Regular",74,0
213,2018-11-26,2022-07-13,29,125.08,4288.04,20,"VIP",19,0
214,2021-02-03,2019-06-25,54,67.55,1281.19,33,"VIP",110,0
215,2016-01-22,2022-11-05,21,52.4,3760.68,49,"Regular",12,0
216,2018-03-11,2017-01-11,69,71.76,2418.94,58,"Regular",113,0
217,2020-09-03,2016-12-23,12,128.69,3133.43,44,"Regular",87,1
218,2020-06-10,2019-01-19,36,95.55,3953.72,48,"Regular",26,1
219,2018-02-28,2017-01-01,93,134.5,4665.3,29,"Regular",22,1
220,2021-01-22,2016-06-20,68,190.58,4127.59,58,"High-Value",20,0
221,2019-09-24,2018-01-09,25,114.65,4738.72,20,"Regular",52,0
222,2019-06-01,2016-07-02,1,64.87,1843.21,70,"High-Value",21,0
223,2018-11-02,2019-01-06,26,153.75,507.36,29,"Regular",83,1
224,2021-01-27,2018-06-20,52,115.47,1354.21,26,"Regular",15,1
225,2019-01-09,2019-01-31,64,44.54,3845.14,70,"Regular",51,1
226,2016-12-11,2021-04-21,80,63.25,3357.42,34,"Regular",24,1
227,2018-06-12,2022-09-22,79,41.29,2775.37,70,"VIP",31,1
228,2021-10-06,2018-10-30,14,39.34,624.57,55,"Regular",68,0
229,2020-10-13,2020-05-20,74,137.14,774.78,58,"Regular",57,0
230,2020-10-29,2018-08-09,92,152.77,1269.66,41,"High-Value",92,0
231,2019-02-16,2022-01-21,48,100.5,4973.59,43,"Regular",16,0
232,2021-05-28,2016-11-28,14,46.41,4011.86,18,"VIP",13,0
233,2018-09-09,2018-07-27,61,171.29,2850.5,28,"Regular",49,1
234,2017-03-02,2021-05-17,77,199.44,698.94,40,"Regular",44,0
235,2020-06-10,2022-06-29,8,23.5,1715.83,70,"Regular",16,0
236,2017-06-24,2018-10-09,91,116.64,1017.13,37,"Regular",61,0
237,2018-09-03,2023-02-21,18,163.35,3752.27,20,"Regular",52,0
238,2017-03-18,2016-11-12,15,114.32,2321.87,24,"Regular",42,0
239,2018-05-31,2023-02-21,55,64.39,4486.42,39,"VIP",18,0
240,2018-08-04,2022-06-23,34,105.22,2215.84,55,"VIP",115,1
241,2019-10-25,2018-12-28,85,72.59,2424.95,64,"High-Value",30,0
242,2015-10-20,2020-08-29,25,194.13,678.7,22,"Regular",106,0
243,2018-06-04,2018-03-19,58,145.84,2523.25,37,"Regular",86,0
244,2019-12-20,2018-05-03,75,154.39,3626.4,35,"Regular",112,0
245,2019-09-05,2019-11-25,1,22.45,4137.9,61,"VIP",71,1
246,2015-10-25,2018-08-29,54,92.16,1190.84,47,"High-Value",62,0
247,2017-05-10,2016-11-13,77,101.7,2986.27,47,"Regular",59,0
248,2016-08-28,2020-11-27,40,41.92,2467.42,65,"High-Value",59,0
249,2020-01-10,2019-07-12,72,66.3,3779.09,40,"VIP",84,1
250,2018-06-15,2020-04-18,18,46.9,2399.37,48,"Regular",75,1
251,2021-01-22,2019-11-14,39,95.06,2522.87,67,"Regular",55,0
252,2016-09-11,2021-06-11,88,58.92,3906.42,56,"Regular",115,0
253,2017-11-23,2021-06-13,45,114.08,1608.85,59,"Regular",111,1
254,2015-03-25,2018-01-17,79,179.81,2631.63,55,"VIP",32,0
255,2017-05-16,2021-03-23,90,112.99,1525.55,62,"Regular",48,1
256,2021-05-14,2019-06-11,80,96.51,2509.54,65,"Regular",103,0
257,2017-10-20,2020-05-03,24,73.14,4565.62,55,"VIP",29,1
258,2015-03-18,2016-11-15,44,60.4,4779.55,58,"Regular",42,0
259,2018-01-23,2021-07-13,96,29.57,3137.24,26,"Regular",2,0
260,2021-08-19,2022-02-11,80,161.45,3402.56,70,"Regular",93,0
261,2021-06-29,2021-03-11,43,192.47,4744.47,55,"Regular",29,0
262,2020-12-03,2020-06-03,69,183.93,3800.91,24,"Regular",46,1
263,2018-11-02,2020-05-11,4,72.54,4776.16,47,"Regular",33,1
264,2018-10-14,2017-04-08,26,63.86,3571.57,65,"VIP",45,0
265,2016-11-13,2017-03-28,57,75.4,1662.84,25,"VIP",3,0
266,2018-12-19,2021-01-30,78,79.07,3722.97,64,"High-Value",16,0
267,2019-04-12,2021-12-04,72,130.63,2704.94,38,"VIP",73,0
268,2021-09-11,2019-04-05,86,134.31,4591.32,19,"Regular",93,0
269,2017-09-16,2016-08-24,79,39.45,4704.57,46,"VIP",64,1
270,2020-05-15,2020-11-09,30,109.65,2647.54,41,"VIP",83,0
271,2021-09-06,2022-04-25,43,28.56,2480.39,45,"VIP",115,1
272,2019-10-05,2021-12-10,56,138.4,3181.72,44,"VIP",52,0
273,2019-01-11,2020-05-27,95,191.83,3679.38,47,"Regular",72,0
274,2018-09-24,2020-04-09,52,192.22,4890.02,42,"VIP",100,0
275,2015-09-01,2022-03-03,74,183.87,2596.24,67,"Regular",113,0
276,2020-11-24,2018-09-20,83,105.67,1841.19,60,"Regular",96,0
277,2020-08-21,2020-10-07,96,86.46,4219.03,60,"Regular",19,1
278,2016-09-17,2020-09-02,5,90.1,4557.42,27,"Regular",55,0
279,2016-01-22,2021-06-18,1,189.34,3263.23,54,"VIP",71,0
280,2021-09-17,2023-01-09,76,143.54,1723.55,27,"VIP",95,1
281,2016-04-06,2019-12-12,18,95.05,2448.55,66,"Regular",86,0
282,2015-05-22,2021-11-19,6,106.46,4803.71,69,"Regular",33,0
283,2015-02-01,2020-10-11,64,154.48,2791.85,40,"Regular",44,0
284,2020-05-04,2023-02-07,79,152.29,1636.82,45,"Regular",95,0
285,2018-02-13,2020-08-30,95,104.81,2346.51,45,"High-Value",23,0
286,2019-12-20,2017-01-18,50,94.05,1434.72,54,"Regular",27,0
287,2015-04-05,2018-09-16,88,92.37,2766.16,39,"VIP",48,0
288,2015-01-17,2020-10-21,42,140.84,4324.97,40,"VIP",19,1
289,2015-06-28,2022-06-30,33,144.33,599.41,18,"Regular",112,0
290,2018-12-07,2020-11-01,94,30.61,4247.2,68,"Regular",40,1
291,2021-02-03,2019-02-18,29,102.84,1648.69,21,"Regular",76,0
292,2016-06-08,2019-04-13,62,111,3692.42,67,"Regular",118,0
293,2019-01-01,2021-04-24,6,48.29,3485.09,66,"Regular",66,0
294,2017-07-13,2022-12-19,59,74.51,3234.41,25,"High-Value",11,0
295,2019-05-22,2021-10-11,21,56.04,3277.52,53,"High-Value",9,0
296,2015-07-24,2018-08-08,25,41.04,3180,70,"VIP",33,0
297,2021-08-18,2018-01-05,96,173.24,3545.92,38,"Regular",63,1
298,2021-08-29,2019-11-18,15,81.16,4910.22,59,"Regular",37,0
299,2018-02-20,2018-10-17,72,31.12,4269.12,65,"VIP",101,0
300,2021-06-21,2021-05-03,22,136.11,841.98,44,"High-Value",111,1
301,2015-09-17,2017-12-22,86,157.46,2876.93,57,"Regular",10,0
302,2016-05-09,2022-11-04,37,116.62,1228.93,63,"Regular",53,0
303,2020-03-04,2020-01-16,60,110.44,2442.63,33,"Regular",98,0
304,2019-11-20,2018-04-21,50,156.08,951.91,48,"VIP",31,0
305,2018-08-06,2021-04-09,8,179.48,975.03,39,"VIP",70,0
306,2018-09-17,2022-06-28,84,168.79,4242.48,42,"VIP",26,0
307,2018-02-06,2017-04-26,36,110.16,4793.11,54,"Regular",118,0
308,2018-08-18,2019-04-22,41,163.33,2313.41,33,"Regular",76,0
309,2015-01-11,2021-07-08,75,54.72,2158.92,42,"VIP",74,0
310,2015-06-20,2021-05-24,56,87.1,2517.26,60,"Regular",36,1
311,2021-09-16,2018-05-29,31,93.3,2451.89,32,"VIP",109,0
312,2018-05-18,2017-11-08,80,36.57,4832.29,60,"VIP",24,1
313,2020-01-26,2018-09-06,10,20.36,3836,37,"Regular",115,0
314,2019-08-01,2021-09-26,100,90.13,1765.79,49,"Regular",46,0
315,2015-04-19,2020-09-12,33,48.54,2709.48,31,"Regular",84,0
316,2015-01-09,2022-10-25,11,178.21,4903.04,26,"Regular",78,1
317,2016-09-18,2017-12-07,66,126.29,3053.6,53,"Regular",97,0
318,2015-09-19,2021-06-11,8,101.3,857.09,45,"VIP",87,0
319,2021-07-02,2021-08-05,23,115.89,766.86,52,"Regular",69,0
320,2018-01-03,2021-06-04,42,29.14,4577.99,50,"VIP",85,0
321,2021-05-19,2022-04-15,29,155.61,4208.86,37,"VIP",6,0
322,2019-05-29,2018-11-20,95,143.92,3320.14,55,"Regular",87,0
323,2020-03-26,2021-12-11,52,43.03,1462.53,70,"High-Value",11,0
324,2018-07-10,2021-07-19,85,129.97,2069.54,42,"VIP",24,0
325,2019-10-27,2021-06-10,51,136.94,1136.16,29,"Regular",50,0
326,2015-07-24,2016-12-20,4,81.98,2441.25,54,"Regular",26,1
327,2019-10-14,2017-09-29,45,144,3980.24,34,"VIP",79,0
328,2018-05-28,2021-08-11,15,122.39,4593.7,63,"Regular",96,0
329,2016-10-29,2019-08-28,35,69.81,4220.4,52,"Regular",7,0
330,2017-09-17,2022-11-09,50,184.62,4801.06,44,"Regular",1,0
331,2018-02-17,2019-08-16,32,28.29,2194.17,64,"Regular",48,0
332,2016-03-28,2019-12-04,68,182.55,709.83,46,"Regular",48,0
333,2017-05-06,2016-07-30,82,167.15,1803.06,64,"VIP",94,0
334,2020-05-02,2022-04-04,17,78.34,4998.6,53,"VIP",58,0
335,2019-05-23,2019-06-06,74,95.16,2519.38,23,"Regular",12,1
336,2020-05-14,2023-01-15,84,110.77,4977.64,21,"Regular",68,0
337,2016-10-08,2022-05-15,63,119.38,3683.53,60,"Regular",111,1
338,2017-11-26,2021-12-01,16,33.13,1848.56,32,"Regular",7,1
339,2018-06-18,2019-01-18,31,77.46,4587.49,50,"Regular",56,0
340,2017-06-10,2016-08-24,100,62.01,2634.5,18,"Regular",112,0
341,2019-07-15,2019-03-30,70,37.57,4168.91,48,"Regular",22,0
342,2020-03-01,2017-09-18,69,195.98,1640.71,61,"Regular",19,1
343,2018-08-21,2019-08-24,34,81.61,4811.44,19,"Regular",39,0
344,2016-10-27,2020-05-01,84,187.93,2583.28,69,"VIP",18,1
345,2020-07-28,2019-04-11,77,165.82,1085.45,69,"VIP",119,0
346,2019-06-25,2022-07-25,22,93.68,3966.38,51,"Regular",90,1
347,2017-03-04,2020-07-13,11,163.56,1139.28,68,"Regular",89,0
348,2018-11-13,2018-08-14,2,63.98,2935.23,31,"Regular",74,0
349,2018-04-19,2021-07-04,29,160.11,3458.76,64,"VIP",106,1
350,2015-10-06,2017-04-01,3,35.46,3092.59,29,"Regular",90,0
351,2015-08-30,2020-05-25,69,58.16,2772.46,18,"Regular",95,0
352,2015-01-25,2021-09-04,4,196.99,4686.82,64,"Regular",3,0
353,2019-09-24,2018-03-04,62,28.13,1519.73,66,"Regular",17,1
354,2020-09-16,2021-08-04,19,118.21,561.95,34,"High-Value",96,0
355,2018-08-20,2018-09-06,69,141.28,1750.85,68,"VIP",94,0
356,2019-10-10,2022-01-24,18,69.73,1902,61,"Regular",14,0
357,2020-08-29,2021-12-08,88,108.73,4551.99,19,"Regular",19,0
358,2019-08-23,2018-07-28,14,174.71,3008.37,24,"Regular",112,1
359,2016-01-14,2019-04-05,73,107.26,1107.32,44,"Regular",45,0
360,2016-07-03,2021-05-20,94,44.44,1475.53,46,"VIP",56,0
361,2019-06-28,2016-06-19,93,77.09,880.6,32,"Regular",74,0
362,2018-06-22,2020-09-16,56,157.93,4350.41,20,"VIP",9,0
363,2020-09-27,2016-07-21,11,28.13,764.08,32,"Regular",23,0
364,2016-01-29,2019-12-13,95,186.53,1975.9,30,"Regular",17,1
365,2018-10-27,2023-03-07,61,142.93,2750.89,22,"VIP",97,0
366,2016-11-01,2020-02-08,35,95.02,2002.53,57,"High-Value",17,1
367,2018-04-28,2021-06-03,43,44.36,4446.75,32,"Regular",61,0
368,2015-11-08,2017-12-02,52,186.8,4472.52,31,"Regular",87,1
369,2021-02-15,2022-06-04,38,61.69,4555.01,19,"Regular",68,1
370,2018-12-13,2021-11-06,65,153.1,4090.74,53,"VIP",89,0
371,2018-11-07,2021-05-26,70,21.46,4556.67,19,"Regular",23,0
372,2020-09-17,2020-04-19,26,64.75,2481.17,50,"VIP",2,0
373,2018-01-13,2017-04-30,4,198.1,2288.26,56,"Regular",33,0
374,2015-11-16,2019-03-16,82,149.08,2171.96,40,"Regular",117,0
375,2020-02-06,2016-05-25,43,137.31,2879.64,41,"Regular",16,0
376,2019-07-25,2020-04-02,86,63.3,832.03,30,"Regular",54,0
377,2015-05-01,2016-12-16,46,35.62,3725.82,32,"VIP",56,1
378,2019-04-07,2021-04-27,30,73.4,1592.66,51,"High-Value",97,1
379,2021-10-25,2021-02-15,70,117.57,4300.25,32,"High-Value",85,1
380,2016-08-22,2018-05-07,68,160.52,4978.93,69,"Regular",88,0
381,2020-10-21,2018-01-18,12,68.93,972.55,37,"VIP",39,0
382,2018-09-01,2016-08-14,53,77.09,2682.85,37,"Regular",106,1
383,2020-10-30,2019-10-27,29,190.58,3576.63,39,"Regular",94,0
384,2017-12-15,2022-09-11,42,108.25,4187.79,49,"VIP",21,1
385,2015-05-15,2016-11-09,74,195.13,3945.05,41,"VIP",112,1
386,2016-02-29,2017-06-26,52,172.26,2420.6,30,"Regular",104,0
387,2020-08-16,2018-09-17,7,196.34,4711.87,27,"High-Value",18,0
388,2017-05-29,2017-04-07,71,40.52,3780.55,20,"Regular",30,0
389,2016-10-30,2018-08-20,87,76.52,2017.92,23,"Regular",21,0
390,2019-12-30,2017-05-29,35,190.04,2655.39,48,"VIP",17,1
391,2015-02-19,2018-11-25,6,135.48,4844.76,38,"VIP",102,1
392,2019-02-09,2020-09-27,41,196.3,4611.67,51,"Regular",64,1
393,2015-07-13,2017-09-23,31,194.96,1526.36,54,"VIP",52,0
394,2015-10-31,2021-06-11,2,151.5,1882.67,39,"Regular",99,0
395,2021-02-16,2018-05-04,45,90.53,2060.08,63,"Regular",60,0
396,2015-07-11,2022-11-12,30,139.42,696.74,35,"High-Value",7,1
397,2021-10-30,2019-05-10,1,66.3,4836.34,22,"Regular",56,0
398,2020-12-07,2019-05-13,8,75.76,4169.99,54,"Regular",21,0
399,2019-07-10,2017-09-30,62,171.28,3536.25,34,"VIP",72,0
400,2017-03-28,2020-04-10,43,143.89,2327.2,46,"VIP",93,0
401,2020-10-10,2020-08-08,45,159.49,1697.65,26,"Regular",49,1
402,2018-12-17,2018-05-31,84,75.41,4677.45,64,"VIP",37,0
403,2018-08-09,2021-08-28,45,135.48,2149.58,67,"Regular",8,0
404,2018-10-29,2021-03-10,99,130.41,2972.71,63,"Regular",92,0
405,2019-04-09,2018-04-16,65,60.78,2844.71,51,"Regular",7,1
406,2020-12-03,2022-11-15,9,64.31,4671.46,21,"High-Value",85,1
407,2019-06-13,2017-12-18,31,178,2757.81,49,"VIP",87,0
408,2017-08-08,2020-11-04,6,161.26,3366.12,44,"Regular",88,1
409,2018-12-08,2021-12-29,70,24.62,1557.28,46,"Regular",74,1
410,2016-11-29,2022-09-04,59,155.96,2135.91,25,"Regular",51,0
411,2019-11-23,2018-04-27,75,181.59,4520.76,20,"Regular",43,1
412,2018-05-12,2017-01-14,96,180.75,3946.81,21,"Regular",48,1
413,2017-01-28,2020-06-08,4,41.5,4079.49,34,"Regular",93,0
414,2017-09-20,2021-04-03,11,195.73,1953.64,19,"VIP",24,0
415,2019-01-04,2021-07-22,12,183.81,916.3,27,"Regular",34,0
416,2015-09-09,2018-05-16,89,66.62,4792.92,35,"VIP",4,0
417,2016-10-05,2022-03-05,91,180.01,2525.09,41,"Regular",7,0
418,2017-09-17,2017-01-16,16,169.94,3012.21,22,"VIP",40,0
419,2021-01-19,2023-02-15,21,99.07,1269.31,22,"High-Value",84,0
420,2018-09-08,2021-11-29,31,33.82,595.33,46,"Regular",81,0
421,2021-01-25,2021-01-28,18,175.91,1453.61,34,"Regular",3,0
422,2020-10-27,2020-01-30,34,78.26,1932.81,39,"High-Value",105,0
423,2016-10-27,2018-09-03,18,61.78,3121.65,18,"VIP",85,0
424,2019-02-26,2017-09-13,72,169,730.85,31,"High-Value",96,1
425,2018-12-19,2017-12-21,29,198.48,1624.35,29,"Regular",115,0
426,2016-03-21,2017-01-12,37,61.43,566.1,63,"Regular",103,0
427,2015-04-06,2022-07-04,63,35.99,1483.12,45,"Regular",112,1
428,2016-01-15,2019-07-31,41,134.33,2856.23,68,"Regular",85,0
429,2018-09-28,2022-05-07,99,174.18,1984.39,32,"VIP",28,0
430,2021-03-19,2017-02-27,34,53.11,3836.58,36,"Regular",71,0
431,2016-09-12,2021-07-07,63,110.99,4800.01,42,"Regular",37,0
432,2016-03-24,2018-11-14,91,84,1504.4,38,"VIP",120,0
433,2015-08-31,2017-05-25,4,168.41,4895.97,42,"VIP",51,0
434,2020-06-15,2017-10-24,94,107.07,913.77,32,"Regular",4,0
435,2016-02-12,2016-10-28,76,61.74,3814.91,46,"Regular",111,0
436,2021-03-27,2018-12-28,1,68.63,1731.1,67,"VIP",69,0
437,2019-02-07,2017-07-08,97,168.14,1744.07,57,"Regular",93,1
438,2019-01-05,2020-07-13,90,24.65,772.28,67,"Regular",64,0
439,2015-08-07,2016-12-11,32,93.07,1526.2,35,"Regular",64,0
440,2016-10-10,2018-03-08,12,127.29,3915.38,25,"Regular",104,0
441,2015-03-21,2017-08-13,75,115.17,2050.69,66,"Regular",43,0
442,2019-03-12,2022-05-18,93,142.86,3727.34,64,"VIP",14,0
443,2021-04-04,2020-05-27,90,111.41,1414.06,66,"Regular",119,0
444,2016-08-02,2020-01-11,12,119.79,748.96,60,"Regular",101,0
445,2020-01-06,2021-01-20,92,171.42,3770.93,54,"Regular",6,1
446,2016-02-27,2022-12-26,95,76.25,1698.31,51,"Regular",120,1
447,2016-05-08,2022-03-21,11,26.47,1986.22,50,"Regular",12,0
448,2016-12-31,2021-04-27,15,166.88,4336.25,53,"Regular",59,1
449,2019-12-26,2022-11-29,28,160.14,525.13,31,"Regular",116,1
450,2021-03-07,2018-07-16,62,174.69,2449.71,34,"Regular",20,0
451,2016-08-22,2021-03-01,59,31.83,1032.71,69,"Regular",44,1
452,2017-05-27,2019-07-04,23,21.59,2767.08,65,"Regular",30,1
453,2021-08-03,2019-06-14,69,126.5,4891.34,47,"Regular",4,0
454,2017-12-01,2020-05-03,27,176.53,3477.87,51,"Regular",109,1
455,2017-06-23,2017-08-17,55,100.33,4478.66,42,"Regular",90,1
456,2017-04-28,2022-05-14,85,26.76,3805.77,41,"VIP",41,0
457,2016-03-26,2017-11-13,20,93.85,2773.74,38,"VIP",94,0
458,2018-06-10,2016-06-08,82,85.74,4487.62,41,"VIP",74,0
459,2018-09-20,2019-03-09,35,105.79,2729.34,41,"VIP",65,1
460,2021-09-10,2019-01-13,86,44.06,4010.5,37,"High-Value",74,1
461,2020-02-08,2017-06-04,27,106.3,2780.44,57,"Regular",110,1
462,2015-02-11,2022-02-11,79,67.58,878.76,22,"Regular",73,1
463,2015-07-21,2023-02-12,67,108.19,2964.68,44,"Regular",10,0
464,2015-02-22,2022-09-19,5,183.09,2113.32,42,"Regular",68,0
465,2018-06-03,2019-02-05,18,110.18,2922,65,"Regular",107,1
466,2020-10-16,2020-02-10,56,146.63,3284.54,39,"Regular",24,0
467,2016-11-11,2018-07-02,30,30.42,1612.28,30,"VIP",7,0
468,2016-07-31,2022-09-29,74,144.08,2554.56,47,"VIP",78,0
469,2016-04-02,2019-07-20,37,163.78,959.62,36,"VIP",50,1
470,2017-10-12,2021-05-08,67,23.39,565.97,64,"Regular",66,0
471,2020-04-11,2018-02-19,40,26.63,933.62,49,"VIP",23,0
472,2019-04-15,2020-08-09,75,124.01,1508.86,56,"Regular",104,1
473,2017-11-10,2016-10-08,77,162.21,1150.09,56,"VIP",10,0
474,2018-05-15,2021-09-20,83,152.35,4301.78,68,"Regular",45,0
475,2020-12-12,2017-02-02,36,68.34,2369.26,30,"VIP",54,0
476,2020-09-24,2019-04-28,84,164.97,3032.56,62,"Regular",40,1
477,2020-11-09,2018-09-21,59,96.49,3135.68,31,"VIP",65,0
478,2020-06-27,2018-01-25,95,49.74,816.96,65,"Regular",15,0
479,2016-08-29,2023-01-12,17,128.73,3967.35,52,"Regular",87,0
480,2020-12-15,2018-06-19,68,168.64,3134.65,36,"Regular",99,1
481,2017-04-19,2021-03-22,87,160.57,3976.21,47,"VIP",50,0
482,2020-08-03,2022-06-21,80,34.67,2466.27,49,"Regular",110,0
483,2016-05-14,2022-12-15,14,32.74,3342.37,33,"Regular",78,1
484,2016-08-22,2021-02-16,11,192.61,3871.23,68,"VIP",102,0
485,2019-07-17,2016-12-03,54,36.25,3626.51,19,"Regular",31,0
486,2017-07-20,2021-01-01,5,58.21,4920.9,69,"VIP",57,0
487,2015-03-13,2020-08-30,43,99.06,1762.27,19,"High-Value",29,0
488,2019-12-02,2016-10-14,12,160.02,791.48,50,"Regular",105,0
489,2015-03-23,2021-12-15,70,173.25,2412.15,19,"VIP",80,0
490,2017-05-26,2017-10-08,35,132.45,1880.41,41,"Regular",56,0
491,2017-06-15,2017-03-06,15,89.85,2431.48,24,"Regular",39,0
492,2019-11-10,2020-07-23,78,45.88,2501.68,51,"Regular",53,1
493,2015-09-28,2021-07-27,17,178.7,3422.8,25,"Regular",78,0
494,2018-12-07,2016-07-25,71,177.27,573.49,23,"Regular",23,1
495,2019-07-29,2017-08-21,65,80.95,1548.57,37,"Regular",20,0
496,2020-12-25,2019-11-25,18,112.4,2693.96,59,"Regular",84,1
497,2016-09-20,2018-08-02,67,108.91,4499.8,20,"Regular",103,0
498,2017-12-06,2018-03-09,9,162.82,1744.4,27,"Regular",3,1
499,2020-10-13,2020-02-15,11,185.31,1849.17,66,"Regular",62,0
500,2021-03-27,2022-01-31,20,125.54,4942.9,45,"Regular",2,0
501,2019-06-23,2020-12-21,49,168.23,2588.25,26,"VIP",25,0
502,2017-04-16,2019-05-18,23,165.34,507.93,64,"Regular",42,0
503,2019-03-12,2016-10-08,47,70.68,770.09,70,"Regular",119,0
504,2016-08-25,2021-02-07,100,111.56,4692.44,44,"Regular",51,0
505,2015-11-28,2020-11-26,26,73.14,2627.25,45,"VIP",60,0
506,2017-06-20,2022-10-15,99,176.17,4294.75,66,"Regular",88,0
507,2019-12-17,2021-02-28,36,148.41,4243.21,35,"VIP",24,1
508,2015-10-19,2021-04-15,11,85.22,3959.86,38,"VIP",62,1
509,2017-01-13,2022-04-23,89,199.47,3215.85,65,"Regular",46,0
510,2017-04-09,2019-11-21,44,146.18,3012.62,41,"Regular",54,0
511,2017-07-08,2018-01-30,77,62.75,2864.47,50,"High-Value",87,0
512,2019-01-11,2022-10-01,82,136.55,1573.72,52,"VIP",8,0
513,2020-08-02,2016-10-01,72,81.91,3273.2,33,"Regular",62,0
514,2018-09-27,2019-01-14,51,164.11,4395.01,59,"Regular",98,1
515,2020-10-18,2018-01-14,80,78.51,3939.63,53,"Regular",1,0
516,2016-05-19,2021-08-30,79,68.11,1345.45,38,"Regular",36,0
517,2017-10-23,2019-07-12,95,32.56,2175.65,25,"Regular",87,0
518,2017-02-25,2020-02-03,21,122.69,3903.79,48,"Regular",36,1
519,2019-12-02,2018-02-28,95,20.75,894.76,66,"Regular",26,1
520,2017-05-05,2020-09-27,52,70.56,3453.77,33,"Regular",55,0
521,2016-01-10,2020-03-17,37,70.42,3720.17,39,"VIP",84,0
522,2018-01-01,2020-11-22,71,167.28,4365.9,53,"Regular",3,0
523,2016-03-25,2016-10-13,31,41.12,1444.21,28,"Regular",66,0
524,2019-03-28,2019-01-26,31,67.19,1739.32,27,"Regular",86,1
525,2015-12-02,2021-08-19,50,99.06,4259.1,45,"High-Value",76,0
526,2016-09-10,2018-07-25,50,192.51,1762.81,53,"Regular",114,0
527,2021-05-08,2016-06-13,16,77.17,4315.85,61,"Regular",101,0
528,2015-07-27,2021-08-25,11,161.36,3284.16,21,"Regular",5,0
529,2016-03-12,2022-02-24,9,43.68,1623.29,59,"Regular",116,0
530,2016-08-24,2021-02-18,61,109.02,3290.35,67,"High-Value",119,0
531,2018-08-09,2021-07-10,73,114.54,747.85,32,"Regular",19,0
532,2016-01-23,2018-01-27,1,179.5,4618.76,61,"VIP",36,0
533,2018-10-13,2022-10-18,25,85.1,4485.53,19,"Regular",74,0
534,2017-01-12,2022-04-18,50,103.93,3588.37,36,"VIP",89,1
535,2017-04-16,2019-01-08,27,99.21,4792.74,34,"High-Value",3,0
536,2020-02-03,2019-11-12,64,148.41,3009.12,62,"VIP",50,0
537,2016-06-07,2019-10-17,61,29.21,4024.52,63,"Regular",21,0
538,2016-08-09,2017-09-19,28,146.24,4101.26,26,"Regular",108,1
539,2015-09-14,2021-06-07,38,139.43,1692.96,25,"VIP",48,0
540,2017-06-20,2021-10-28,34,139.5,1820.1,70,"Regular",8,1
541,2015-03-30,2019-11-13,28,109.98,1516.09,62,"VIP",53,0
542,2018-12-11,2023-02-27,75,69.56,4382.59,60,"Regular",89,0
543,2020-02-25,2019-01-04,5,87.17,3756.86,54,"Regular",21,0
544,2020-08-21,2016-06-23,57,38.99,1189.68,68,"Regular",39,0
545,2016-08-09,2019-10-10,88,65.89,4338.53,63,"VIP",116,0
546,2016-04-08,2017-03-28,3,28.34,3345.68,21,"Regular",118,0
547,2016-11-16,2022-07-20,5,104.53,2999.54,69,"VIP",47,0
548,2021-05-17,2016-08-26,29,78.34,697.66,30,"VIP",43,0
549,2017-03-14,2017-09-17,72,57.8,1757.78,20,"VIP",61,0
550,2021-04-09,2022-08-31,3,155.47,3188,63,"Regular",79,0
551,2017-02-17,2020-02-13,46,63.9,4805.31,53,"Regular",69,1
552,2017-12-24,2018-03-23,62,93,763,22,"Regular",72,0
553,2018-09-14,2020-08-12,14,146.61,2558.61,34,"Regular",36,0
554,2021-01-29,2018-04-03,79,40.6,2338.11,51,"Regular",119,0
555,2018-08-15,2022-05-26,79,44.26,2791.79,34,"Regular",104,0
556,2021-01-17,2022-03-04,67,197.21,677.39,27,"Regular",109,1
557,2019-08-31,2020-01-11,82,195.82,4383.52,21,"Regular",67,1
558,2019-04-03,2019-05-29,77,156.56,1675.44,63,"VIP",70,1
559,2017-07-18,2021-12-12,2,25.41,2573.15,66,"High-Value",36,0
560,2020-06-17,2020-07-14,46,195.36,1484.71,49,"Regular",83,1
561,2021-08-10,2019-01-24,58,156.85,4711.48,22,"Regular",60,0
562,2020-06-17,2018-06-01,70,179.74,3697.14,31,"Regular",113,0
563,2020-04-06,2022-09-07,16,59.95,2297.16,52,"VIP",95,0
564,2020-07-17,2020-09-30,1,68.69,1761.09,27,"High-Value",26,0
565,2018-06-05,2019-08-21,35,129.31,3665.53,39,"VIP",40,0
566,2019-07-05,2016-10-20,32,81.24,1494.8,43,"High-Value",89,0
567,2018-09-01,2017-09-20,29,156.25,1821.34,22,"Regular",19,0
568,2021-04-10,2022-04-22,55,33.47,4500.75,18,"Regular",18,0
569,2016-06-19,2018-01-25,19,180.31,2746.89,67,"Regular",26,0
570,2017-03-04,2016-10-15,58,158.69,4786.06,64,"Regular",116,1
571,2017-09-09,2017-03-05,12,178.89,3990.93,35,"Regular",43,0
572,2020-11-30,2021-09-06,82,190.6,4383.09,27,"VIP",60,1
573,2016-04-01,2021-04-05,68,78.32,3087.6,65,"Regular",42,0
574,2017-02-28,2017-05-22,21,52.16,805.77,32,"VIP",15,1
575,2020-09-27,2018-05-04,31,46.97,2830.65,34,"Regular",92,1
576,2016-04-27,2016-06-18,61,40.64,4546.12,37,"VIP",104,0
577,2018-06-26,2022-04-16,78,104.83,638.47,43,"High-Value",112,0
578,2020-11-23,2018-10-14,72,166.03,993.3,40,"Regular",79,1
579,2018-04-10,2018-07-12,42,176.01,3341.72,24,"Regular",17,1
580,2016-11-27,2020-09-04,46,31.65,2620.94,65,"Regular",44,0
581,2016-04-04,2021-04-07,31,151.75,4955.96,67,"Regular",8,0
582,2018-08-29,2020-09-02,51,195.08,3958.99,31,"VIP",80,0
583,2019-05-06,2022-09-14,56,76,3983.29,38,"Regular",81,1
584,2015-05-20,2021-05-17,42,148.95,2368.93,60,"Regular",34,0
585,2019-11-18,2018-04-22,19,127.14,4986.9,61,"VIP",97,0
586,2016-04-26,2018-09-28,47,27.77,2481.02,30,"Regular",19,0
587,2017-04-23,2018-02-20,81,100.84,4853.21,64,"Regular",91,0
588,2020-01-27,2017-01-08,17,134.96,2974.5,62,"Regular",22,1
589,2015-09-08,2021-08-27,34,164.12,3886.11,48,"VIP",41,0
590,2019-06-10,2022-10-14,58,117.54,3495.3,50,"Regular",91,0
591,2021-07-06,2020-05-01,99,178.73,4235.39,29,"Regular",28,1
592,2016-09-25,2019-03-10,91,21.22,3468.17,18,"Regular",34,0
593,2019-07-09,2020-08-02,49,100.43,526.18,64,"VIP",30,0
594,2015-07-15,2021-09-14,18,107,689.64,40,"Regular",67,0
595,2018-01-28,2017-09-15,67,162.79,4664.88,28,"Regular",88,1
596,2018-01-27,2020-07-05,58,70.13,2436.28,38,"Regular",65,0
597,2017-12-18,2022-06-16,88,126.3,3356.18,44,"Regular",39,0
598,2018-12-19,2018-04-19,66,53.74,3257.97,54,"Regular",41,0
599,2019-03-30,2019-11-25,45,165.31,4789.73,20,"Regular",49,0
600,2020-08-18,2018-02-15,67,126.98,3751.94,51,"VIP",90,1
601,2021-04-25,2017-05-14,16,69.02,1452.15,29,"Regular",11,0
602,2021-04-29,2018-12-29,94,164.47,2189.68,37,"Regular",35,0
603,2019-04-03,2018-05-27,21,128.88,3484.91,55,"VIP",106,0
604,2015-07-26,2020-04-06,73,192.43,1585.11,24,"Regular",81,0
605,2015-07-19,2022-02-21,42,52.15,3096.47,53,"VIP",96,0
606,2019-06-02,2020-06-28,90,20.76,885.74,59,"Regular",45,1
607,2020-02-08,2018-04-11,81,86.92,4724.01,60,"Regular",111,0
608,2016-04-04,2019-07-18,46,158.86,1548.77,26,"VIP",42,1
609,2018-06-12,2016-09-27,35,123.16,1784.47,25,"Regular",13,1
610,2019-04-03,2021-12-18,36,50.68,2532.37,31,"Regular",78,0
611,2017-12-15,2019-06-28,65,36.09,2587.52,44,"Regular",84,1
612,2020-07-21,2018-07-06,74,177.72,1681.91,63,"High-Value",6,0
613,2020-03-31,2021-06-30,87,46.21,1412.06,49,"Regular",89,0
614,2019-04-05,2019-08-06,26,134.35,3757.91,41,"VIP",15,1
615,2019-02-21,2017-08-12,80,100.32,2402.13,56,"Regular",88,0
616,2018-07-19,2021-10-19,94,186.64,3395.2,39,"Regular",95,1
617,2016-02-03,2021-08-16,21,130.14,3331.24,55,"Regular",36,1
618,2018-05-27,2016-11-11,36,32.43,742.27,38,"Regular",23,0
619,2018-03-25,2016-09-09,25,113.03,2653.57,36,"Regular",63,0
620,2018-05-18,2020-06-11,87,144.12,3310.27,40,"VIP",65,0
621,2016-10-22,2017-06-14,55,107.28,1974.68,32,"Regular",90,0
622,2015-12-14,2020-04-07,76,130.89,3676.95,26,"Regular",37,0
623,2019-05-09,2022-05-09,55,106.24,4548.58,68,"VIP",45,0
624,2016-11-02,2017-07-19,7,173.48,2286.14,48,"VIP",65,0
625,2018-09-25,2017-01-31,21,68.18,2267.52,32,"VIP",13,0
626,2020-10-04,2017-02-20,89,93.55,2702.44,54,"Regular",17,0
627,2018-06-25,2022-12-14,24,163.93,738.53,23,"VIP",120,0
628,2018-10-26,2018-10-06,57,177.26,1997.53,58,"Regular",3,0
629,2017-05-26,2017-04-30,91,117,1361.36,45,"VIP",115,0
630,2017-12-04,2021-03-25,51,79.07,2230.76,32,"Regular",80,0
631,2017-05-10,2017-02-18,38,124.09,2467.32,21,"VIP",88,1
632,2018-11-01,2021-12-04,51,80.1,1206.31,58,"VIP",64,0
633,2017-07-21,2017-03-28,92,48.53,823.61,57,"Regular",18,0
634,2018-01-13,2022-03-06,59,111.82,3490.96,56,"Regular",17,0
635,2019-09-30,2022-05-27,18,26.57,2384.2,67,"VIP",97,0
636,2021-02-20,2022-05-22,14,45.65,996.45,44,"Regular",87,0
637,2020-01-29,2017-02-09,90,50.95,2582.87,27,"Regular",51,0
638,2017-09-25,2022-06-07,48,78.32,1748.48,29,"Regular",4,1
639,2019-08-10,2021-09-01,43,83.64,916.98,60,"VIP",10,0
640,2016-12-14,2021-07-14,49,175.97,1312.04,23,"Regular",100,0
641,2021-07-31,2021-04-13,40,84.16,2858.73,28,"Regular",16,1
642,2021-07-15,2021-08-03,29,191.13,1363.55,26,"Regular",71,0
643,2015-07-20,2021-11-28,23,106.84,2819.25,45,"High-Value",70,1
644,2017-09-20,2017-12-07,71,176.13,2103.03,36,"Regular",58,0
645,2015-09-16,2022-08-30,4,77.17,4218.66,36,"Regular",4,0
646,2018-11-05,2021-12-07,76,80.38,1911.87,19,"Regular",87,0
647,2020-05-17,2019-01-09,60,49.05,2846.28,39,"Regular",79,0
648,2018-02-10,2021-04-15,82,132.49,1588.89,52,"Regular",99,0
649,2016-04-14,2019-02-09,26,53.01,1963.73,64,"High-Value",45,0
650,2016-09-04,2021-07-07,17,117.06,2299.85,62,"VIP",80,1
651,2018-12-06,2016-11-23,60,55.31,3426.09,45,"Regular",112,1
652,2020-04-07,2020-09-05,30,38.72,754.23,50,"Regular",102,0
653,2017-12-18,2016-05-19,33,79.45,3674.28,66,"VIP",63,0
654,2015-10-18,2023-02-20,38,128.28,2948.93,59,"VIP",2,0
655,2016-04-11,2020-08-23,34,144.27,2026.29,63,"Regular",104,0
656,2017-03-25,2021-12-11,42,56.88,3813.15,28,"Regular",83,0
657,2020-04-21,2018-08-07,50,94.7,1699.39,20,"VIP",88,1
658,2020-04-12,2020-10-06,97,46,948.78,64,"VIP",116,0
659,2021-06-27,2016-12-20,88,57.36,2180.5,52,"Regular",91,1
660,2015-01-10,2021-06-19,34,157.87,854.66,39,"VIP",115,0
661,2017-05-17,2019-03-08,85,106.69,1517.63,32,"Regular",58,0
662,2021-05-18,2016-11-22,42,63.11,4942.37,66,"Regular",99,1
663,2016-10-04,2019-04-30,75,163.35,1032.68,66,"VIP",40,0
664,2017-06-26,2020-03-19,30,99.69,3175.9,43,"VIP",100,0
665,2017-11-30,2020-10-10,8,50.59,3615.27,52,"Regular",104,0
666,2015-01-19,2018-01-17,93,49.72,2845.45,60,"VIP",77,1
667,2017-08-08,2022-07-27,98,194.36,2303.09,42,"Regular",112,0
668,2016-02-03,2022-04-03,60,114.02,2395.96,60,"Regular",75,0
669,2017-08-21,2021-06-14,55,114.06,2881.33,70,"VIP",55,1
670,2015-12-15,2021-05-20,78,143.98,3599.91,24,"Regular",71,0
671,2020-08-01,2016-05-16,4,161.85,4926.95,48,"Regular",53,0
672,2015-03-09,2021-01-18,26,144.62,2816.84,63,"High-Value",60,0
673,2017-05-28,2017-02-13,50,178.3,2716.04,27,"High-Value",77,0
674,2016-01-19,2021-07-09,36,45.4,1816.53,42,"Regular",76,1
675,2015-06-01,2022-10-07,81,67.74,1219.75,35,"VIP",90,1
676,2016-04-16,2019-05-30,10,181.25,1997.14,67,"VIP",84,1
677,2017-10-12,2018-10-30,51,83.7,1819.86,36,"Regular",116,0
678,2015-12-11,2016-11-22,58,187.81,2143.58,44,"High-Value",115,0
679,2021-01-25,2018-05-12,65,78.88,2641.02,25,"Regular",98,1
680,2015-06-11,2018-08-21,14,136.17,2185.74,29,"Regular",33,0
681,2016-02-26,2020-01-18,69,113.84,2420.28,43,"High-Value",33,1
682,2021-10-28,2022-08-03,77,121.26,1517.52,24,"Regular",32,0
683,2020-09-08,2021-04-23,79,109.79,750.51,46,"Regular",25,0
684,2016-09-25,2017-12-20,52,115.55,4363.75,39,"Regular",101,1
685,2018-06-19,2021-04-10,92,88.96,3025.57,41,"VIP",99,1
686,2020-06-13,2018-07-08,60,128.29,2918.19,24,"VIP",75,1
687,2016-10-27,2021-12-05,84,67.37,3276.2,62,"VIP",65,0
688,2017-12-02,2019-01-13,20,136.41,1488.84,69,"Regular",97,1
689,2020-04-30,2017-05-18,71,139.89,2838.16,40,"Regular",77,0
690,2020-07-01,2018-12-19,32,119.79,3752.7,58,"Regular",22,0
691,2015-02-14,2020-08-05,44,75.48,626.98,70,"High-Value",14,1
692,2015-08-13,2021-01-09,21,153.81,3366.12,38,"Regular",92,0
693,2017-10-29,2018-07-03,56,172.47,3831,26,"Regular",80,0
694,2017-07-01,2021-12-10,32,86.33,2503.79,33,"Regular",24,1
695,2021-07-28,2017-04-19,50,99.42,4088.23,67,"Regular",98,1
696,2020-03-01,2021-05-30,39,176.71,3450.86,44,"VIP",96,0
697,2015-08-06,2016-11-09,36,93.59,3238.33,29,"VIP",87,0
698,2016-11-14,2016-09-24,43,107.29,1320.65,28,"Regular",51,0
699,2019-01-15,2017-08-13,94,110.67,3841.92,18,"High-Value",71,1
700,2015-02-26,2016-08-30,34,27.12,2395.37,46,"Regular",60,0
701,2018-07-26,2019-04-10,99,91.15,983.71,38,"VIP",102,1
702,2018-11-26,2018-03-11,99,102.85,1214.87,52,"Regular",57,0
703,2016-10-16,2018-08-20,5,120.25,4037.5,40,"High-Value",55,0
704,2015-08-18,2022-12-24,37,141.06,1032.1,63,"Regular",6,1
705,2021-08-20,2016-11-14,47,142.81,2598.69,45,"Regular",29,0
706,2019-05-20,2021-11-30,4,180.32,2165.77,37,"VIP",84,1
707,2021-04-09,2018-08-12,98,139.89,2720.3,67,"Regular",94,1
708,2021-05-17,2018-06-30,18,114.32,3050.23,49,"Regular",25,1
709,2019-10-25,2021-01-25,38,75.99,4792.81,24,"VIP",59,1
710,2019-03-25,2018-07-08,35,24.71,1312.79,28,"Regular",40,0
711,2020-03-27,2017-05-10,93,43.41,2239.11,68,"Regular",72,0
712,2020-11-04,2020-02-29,87,110.35,2437.33,55,"Regular",46,0
713,2018-12-29,2022-12-14,74,111.97,4323.01,65,"Regular",120,0
714,2020-08-27,2021-10-16,82,40.74,651.16,30,"Regular",97,0
715,2016-10-11,2020-06-05,66,66.1,600.62,65,"VIP",44,0
716,2015-06-13,2019-01-15,55,49.61,1973.9,31,"VIP",108,1
717,2019-02-18,2022-05-26,98,70.29,2040.4,46,"Regular",46,0
718,2016-10-18,2019-12-13,97,47.46,4456.1,32,"Regular",16,0
719,2017-03-31,2019-10-13,72,97.2,3040.99,24,"VIP",27,0
720,2015-12-22,2019-07-23,86,58.17,1061.51,18,"VIP",28,0
721,2020-09-14,2021-05-27,82,34.04,777.65,33,"High-Value",62,1
722,2017-02-20,2016-12-31,100,177.01,1024.02,24,"VIP",28,0
723,2017-11-26,2016-12-23,6,58.55,4261.42,51,"VIP",90,1
724,2019-09-08,2019-09-22,54,56.51,2358.45,19,"Regular",15,0
725,2016-05-18,2022-12-06,41,76.98,4857.94,54,"VIP",117,0
726,2016-02-14,2019-01-27,77,79.46,3666.03,65,"Regular",45,0
727,2020-07-28,2020-08-06,14,158.46,1709.71,41,"VIP",1,0
728,2016-10-31,2018-08-08,89,123.15,4513.06,43,"VIP",75,0
729,2017-03-23,2019-05-12,77,49.18,3419.06,39,"Regular",34,0
730,2020-06-28,2019-09-25,100,166.41,4982.09,59,"Regular",42,0
731,2015-05-29,2017-08-13,9,185.95,1017.33,43,"High-Value",38,0
732,2020-11-11,2018-08-19,86,65.45,4047.81,38,"VIP",59,0
733,2021-05-06,2020-09-11,34,155.26,4906.58,61,"Regular",114,0
734,2016-01-08,2017-11-23,76,56.78,3870.65,70,"Regular",96,0
735,2016-06-01,2018-12-23,41,169.26,3991.84,67,"VIP",33,0
736,2017-12-16,2020-07-10,9,74.36,4904.22,58,"VIP",120,1
737,2015-03-19,2019-01-17,82,157.99,1971.46,69,"Regular",43,0
738,2016-04-16,2020-04-11,31,41.72,2217.81,45,"Regular",102,1
739,2016-11-15,2021-11-20,9,172.04,1301.86,70,"Regular",86,0
740,2016-08-07,2019-08-22,89,167.82,2369.87,23,"Regular",109,0
741,2020-12-14,2021-10-27,98,173.7,2402.7,61,"Regular",27,1
742,2018-12-17,2021-08-24,98,22.62,3199.87,50,"Regular",103,0
743,2016-12-21,2022-05-14,58,26.83,2353.06,33,"Regular",35,0
744,2018-01-04,2017-02-15,37,73.79,850.06,25,"Regular",93,0
745,2020-07-21,2022-06-18,66,78.8,3449.18,35,"Regular",21,1
746,2015-11-01,2020-02-28,20,33.46,649.49,32,"High-Value",37,0
747,2019-12-13,2017-09-19,63,147.45,1194.64,40,"Regular",93,0
748,2017-04-13,2017-03-27,100,24.53,4840.71,32,"VIP",75,1
749,2019-09-15,2021-03-30,84,168.33,2788.5,58,"Regular",120,1
750,2017-12-02,2021-09-08,84,112.06,1771.91,21,"VIP",37,0
751,2015-04-11,2019-03-02,40,158.01,512.16,69,"VIP",53,0
752,2017-11-15,2017-04-16,16,188.84,1955.84,49,"Regular",66,0
753,2016-08-29,2022-10-02,63,117.55,4480.69,49,"Regular",13,1
754,2015-06-30,2019-06-14,2,190.81,1221.65,64,"Regular",18,0
755,2020-04-04,2017-02-04,44,77.05,2224.95,41,"Regular",95,0
756,2016-06-23,2021-09-14,16,71.62,3007.75,56,"Regular",22,0
757,2015-07-31,2017-08-28,20,194.31,2725.36,63,"Regular",23,0
758,2017-07-19,2018-09-11,65,63.72,3752.54,57,"Regular",91,1
759,2016-12-04,2022-02-01,17,163.95,4158.25,27,"VIP",41,0
760,2015-12-10,2021-12-23,9,73.14,2343.13,58,"Regular",105,1
761,2015-03-18,2017-02-05,38,145.42,1511.83,24,"VIP",1,1
762,2018-05-16,2017-05-19,32,157.01,2776.4,21,"VIP",79,0
763,2018-08-08,2017-10-22,89,69.27,1857.62,27,"Regular",68,0
764,2017-09-16,2019-03-12,74,20.94,4231.84,50,"High-Value",23,1
765,2020-09-13,2022-09-12,90,95.98,1690.86,40,"High-Value",56,1
766,2018-11-06,2018-04-25,48,127.61,2730.67,18,"VIP",62,0
767,2017-10-18,2021-12-10,32,99.59,935.08,61,"Regular",43,0
768,2015-07-21,2016-07-16,19,81.66,1792.77,31,"Regular",41,1
769,2019-07-24,2017-04-08,75,113,4301.14,70,"Regular",66,0
770,2021-05-03,2022-11-04,79,61.12,2641.26,48,"VIP",37,0
771,2019-09-02,2021-12-01,7,72.1,2540.68,51,"Regular",73,0
772,2021-10-09,2017-11-14,92,24.04,1399.11,29,"Regular",27,0
773,2017-11-29,2022-02-16,3,115.11,1668.36,56,"VIP",100,1
774,2015-08-31,2022-02-12,60,95.32,2932.6,40,"Regular",12,0
775,2018-02-01,2022-03-05,82,195.46,3764.23,70,"Regular",66,0
776,2017-08-15,2019-07-10,51,28.92,1330.76,18,"Regular",102,0
777,2016-02-05,2019-07-13,18,134.93,1334.28,68,"Regular",47,1
778,2015-01-03,2022-01-25,25,108.9,4632.48,52,"Regular",90,0
779,2019-08-26,2016-08-21,18,20.85,1101.57,53,"Regular",16,1
780,2021-01-13,2017-07-30,97,53.38,529.02,61,"Regular",13,0
781,2017-09-08,2022-03-28,94,134.17,1726.53,34,"VIP",18,0
782,2015-08-04,2018-06-27,4,113.33,3451.54,38,"High-Value",70,0
783,2019-09-19,2019-06-16,10,180.5,2785.7,60,"Regular",109,1
784,2017-10-16,2018-05-03,19,141.97,1907.44,34,"VIP",21,0
785,2021-05-23,2021-06-30,38,112.48,1365.34,46,"Regular",108,0
786,2018-09-12,2019-01-30,21,75.3,4894.46,36,"VIP",112,0
787,2019-09-28,2016-06-03,36,91.53,3847.84,33,"VIP",83,0
788,2016-03-06,2018-11-15,72,47.59,2332.91,56,"Regular",84,0
789,2019-09-20,2019-06-11,71,88.37,971.94,67,"VIP",20,1
790,2019-05-04,2020-03-13,33,68.66,3582.68,26,"VIP",105,0
791,2016-12-17,2021-09-01,34,190.15,3211.49,37,"Regular",14,0
792,2017-01-24,2021-07-12,13,65.41,3427.62,51,"VIP",57,0
793,2021-08-30,2017-12-16,99,152.43,3892.93,38,"VIP",114,0
794,2017-12-04,2016-12-04,32,32.18,3190.13,21,"VIP",68,0
795,2021-01-18,2021-06-16,12,86.75,902.98,22,"Regular",96,0
796,2018-02-13,2018-07-19,4,59.15,3640.16,64,"Regular",17,1
797,2020-03-21,2022-10-29,89,178.22,591.52,36,"Regular",21,0
798,2015-12-02,2020-05-22,91,96.2,4896.99,31,"Regular",85,0
799,2021-01-31,2022-01-12,51,77.79,4782.18,41,"High-Value",15,0
800,2019-07-14,2016-08-18,76,94.27,4204.26,59,"VIP",36,0
801,2021-10-18,2022-04-28,1,48.15,1621.94,40,"Regular",47,1
802,2016-09-07,2022-05-09,89,133.24,3100.37,40,"Regular",109,1
803,2017-03-15,2018-07-11,81,158.49,2046.61,49,"Regular",16,0
804,2017-12-16,2017-03-13,16,182.32,4834.82,70,"High-Value",114,0
805,2017-04-05,2019-08-29,2,129.83,4333.64,24,"Regular",35,0
806,2016-05-30,2017-04-10,71,133.52,3740.54,47,"Regular",9,0
807,2018-05-26,2017-02-22,64,139.17,4059.61,56,"Regular",87,0
808,2015-02-21,2016-08-04,31,187.4,3840.18,67,"VIP",109,1
809,2019-12-14,2022-07-04,59,198.6,1964.5,40,"Regular",69,0
810,2020-08-21,2019-11-03,46,66.53,4520.48,50,"VIP",4,0
811,2021-03-28,2019-07-29,59,72.35,750.12,49,"Regular",71,0
812,2018-06-01,2016-12-20,15,184.09,3037.98,18,"High-Value",57,0
813,2016-09-05,2022-03-20,16,87.2,1933.02,21,"Regular",116,0
814,2020-04-26,2022-08-05,94,150.24,3946.66,53,"Regular",91,0
815,2018-03-15,2017-03-19,39,171.2,3301.84,70,"Regular",36,0
816,2019-07-10,2021-02-25,100,41,2263.36,29,"Regular",41,0
817,2021-07-11,2021-11-26,32,172.02,4390.33,19,"Regular",100,1
818,2021-04-10,2022-08-26,68,138.12,2973.53,42,"Regular",14,0
819,2019-06-21,2019-07-28,74,21.67,4339.88,47,"VIP",48,0
820,2015-11-15,2021-03-04,10,39.42,2821.15,52,"Regular",105,0
821,2016-02-24,2021-05-21,65,96.89,3421.86,48,"Regular",16,0
822,2019-06-16,2019-02-27,46,169.08,1675.28,69,"Regular",112,0
823,2020-04-26,2017-12-22,93,80.35,1799.51,47,"Regular",102,0
824,2021-10-31,2018-09-22,100,73.04,4905.76,35,"Regular",52,0
825,2016-08-24,2019-05-08,40,183.22,4966.38,66,"VIP",8,0
826,2015-05-24,2019-04-19,75,93.2,1796.52,26,"VIP",20,0
827,2019-04-16,2020-07-04,6,122.18,3221.96,24,"High-Value",64,0
828,2021-01-19,2016-10-24,49,64.71,2124.51,40,"Regular",103,0
829,2019-05-25,2017-09-23,12,44.17,4948.07,34,"Regular",30,1
830,2021-03-06,2019-03-17,55,55.47,4582.93,48,"Regular",40,0
831,2019-02-21,2020-02-03,29,115.42,2833.51,30,"VIP",89,0
832,2019-04-09,2019-12-13,1,192.01,2712.98,29,"Regular",6,0
833,2019-10-19,2021-11-25,67,95.59,2250.96,59,"VIP",76,0
834,2020-06-25,2018-10-12,70,171.08,4453.8,59,"Regular",109,0
835,2016-12-24,2021-04-05,92,34.35,4651.16,39,"Regular",100,0
836,2017-10-03,2022-02-11,2,155.04,1723.13,54,"VIP",18,1
837,2018-05-20,2016-07-21,72,67.89,4313.4,38,"Regular",1,0
838,2019-09-06,2018-01-24,95,115.28,2726.95,61,"Regular",79,0
839,2016-05-02,2019-11-26,98,28.11,3319.41,66,"Regular",98,0
840,2017-05-22,2020-10-21,52,158.46,2304.19,67,"Regular",47,0
841,2016-06-28,2021-08-01,49,183.89,849.89,41,"Regular",5,0
842,2015-02-18,2021-10-01,64,154.27,1248.1,21,"Regular",48,0
843,2019-12-13,2020-07-30,36,37.53,669.5,59,"Regular",47,0
844,2015-06-02,2019-05-20,71,190.21,2213.72,29,"VIP",71,0
845,2019-04-03,2022-04-26,90,52.14,3710.47,57,"Regular",83,0
846,2021-10-25,2017-02-14,63,164.42,1652.67,58,"VIP",91,0
847,2020-02-13,2018-04-22,61,140.83,2323.52,52,"Regular",117,1
848,2016-06-21,2022-10-09,50,95.3,4119.81,39,"VIP",16,1
849,2016-11-24,2021-01-24,84,155.63,4077.18,38,"VIP",55,1
850,2019-04-02,2019-05-26,16,94.69,2234.89,34,"VIP",47,0
851,2016-11-12,2016-10-28,24,126.93,3859.07,69,"Regular",73,1
852,2021-04-07,2020-07-24,1,77.58,2601.56,29,"Regular",27,0
853,2021-06-16,2019-12-24,6,136.37,1514.51,28,"Regular",16,1
854,2019-11-08,2019-06-08,72,84.44,1417.46,40,"Regular",55,0
855,2019-02-03,2017-05-01,67,176.93,736.56,32,"Regular",74,0
856,2019-04-10,2022-02-23,70,93.16,3133.37,48,"VIP",45,0
857,2018-03-28,2022-02-19,16,102.05,4853.71,45,"VIP",100,1
858,2019-07-11,2022-06-16,34,180.08,740.7,34,"Regular",97,0
859,2021-08-12,2020-10-22,14,137.37,3731.11,47,"Regular",118,0
860,2020-01-07,2016-11-17,59,21.79,507.15,26,"VIP",67,0
861,2017-02-21,2019-09-01,70,138,4953.6,33,"Regular",85,1
862,2016-03-08,2017-04-20,23,63.45,4864.79,44,"Regular",33,1
863,2018-09-07,2023-02-26,85,193.8,3648.32,45,"Regular",88,0
864,2020-09-05,2019-07-22,1,100.49,3989.99,43,"Regular",114,0
865,2017-12-06,2022-12-10,86,140.35,2514.23,50,"VIP",6,0
866,2019-04-09,2020-11-10,68,37.95,3817.39,42,"Regular",117,1
867,2015-09-14,2020-11-16,27,57.21,3549.58,47,"VIP",18,1
868,2015-02-09,2020-12-25,43,190.51,556.97,27,"VIP",62,1
869,2015-11-24,2019-03-27,94,122.25,2913.63,50,"Regular",62,1
870,2015-02-15,2016-09-13,30,93.35,3878.77,56,"VIP",114,0
871,2018-08-20,2017-08-28,66,124.36,591.55,61,"High-Value",109,0
872,2021-07-08,2022-07-25,20,43.76,3642.82,45,"VIP",90,0
873,2019-09-07,2017-10-18,20,109.63,4332.88,36,"Regular",30,0
874,2017-04-08,2020-03-31,64,53.53,2610.73,31,"Regular",116,1
875,2021-09-15,2017-02-21,1,63.29,1670.21,20,"High-Value",95,1
876,2019-08-01,2018-09-04,32,165.53,4078.96,54,"Regular",88,1
877,2018-11-07,2017-05-08,74,142.14,2413.22,61,"Regular",55,0
878,2015-06-09,2021-06-17,57,194.45,4409.44,50,"Regular",96,0
879,2019-08-30,2021-04-05,78,44.92,3329.82,19,"Regular",21,0
880,2017-04-08,2019-02-15,65,101.1,2531.23,63,"High-Value",50,0
881,2019-07-28,2018-09-21,39,108.12,2840.11,24,"Regular",97,0
882,2017-04-11,2019-05-06,11,117.67,4883.6,64,"Regular",4,0
883,2015-07-22,2021-01-05,39,102.14,3575.84,34,"Regular",4,1
884,2018-10-04,2017-09-07,29,50.86,4273.31,62,"High-Value",26,1
885,2019-04-23,2021-07-13,46,148.67,2276.55,57,"High-Value",113,0
886,2021-10-14,2022-01-14,91,183.08,4503.18,36,"Regular",36,0
887,2020-11-01,2022-12-14,61,72.25,614.93,39,"High-Value",6,0
888,2021-01-01,2021-11-05,69,157.71,2193.51,50,"VIP",72,0
889,2017-10-27,2021-04-27,86,187.32,3579.35,52,"VIP",36,1
890,2017-02-03,2022-03-19,58,21.79,2515.28,22,"Regular",31,0
891,2019-10-03,2020-01-05,46,110.09,1461.11,40,"VIP",92,0
892,2015-03-31,2019-07-22,44,66.69,1301.5,19,"VIP",107,1
893,2018-07-12,2016-08-18,40,103.18,3562.33,56,"Regular",49,1
894,2018-04-10,2020-12-06,32,93.34,3461.59,39,"Regular",81,0
895,2017-06-06,2018-11-03,71,170.36,2394.79,34,"Regular",55,0
896,2017-01-26,2019-11-18,86,44.1,3218.52,69,"VIP",44,1
897,2017-10-26,2018-08-13,100,176.52,2302.95,49,"Regular",16,0
898,2015-05-23,2021-12-18,97,90.62,2913.65,62,"Regular",57,0
899,2017-05-19,2019-07-14,34,131.6,4312.14,49,"Regular",93,0
900,2018-10-11,2019-12-11,1,43.13,1616.16,69,"VIP",80,0
901,2015-01-05,2018-12-15,11,178.7,3567.98,21,"Regular",113,1
902,2015-02-05,2021-06-07,40,135.26,2337.26,51,"VIP",21,1
903,2018-05-19,2018-05-13,48,112.16,2931.22,21,"Regular",8,0
904,2016-06-08,2021-02-14,13,133.66,4893.95,25,"Regular",75,0
905,2018-12-27,2016-05-27,17,193.63,3179.98,20,"VIP",108,0
906,2021-03-02,2018-06-03,11,162.44,1293.81,48,"Regular",17,1
907,2017-08-14,2019-04-04,64,190.82,4476.5,58,"VIP",2,0
908,2018-06-07,2020-09-09,58,139.06,2040.52,25,"Regular",89,0
909,2020-09-24,2020-11-24,74,102.04,4308.62,56,"High-Value",118,1
910,2021-05-01,2020-08-02,50,190.02,861.1,57,"VIP",96,0
911,2018-09-25,2019-03-28,14,140.5,781.32,21,"Regular",9,0
912,2015-12-25,2021-03-31,12,82.95,983.09,39,"VIP",105,1
913,2015-09-16,2018-09-27,96,82.41,4343.35,70,"VIP",109,1
914,2018-03-15,2018-12-02,73,22.82,2242.16,68,"Regular",97,0
915,2017-06-06,2016-11-17,4,101.23,4448.19,41,"Regular",10,1
916,2017-07-03,2020-01-23,59,111.84,2065.07,48,"Regular",2,1
917,2018-05-20,2018-01-07,43,30.84,2178.63,41,"Regular",88,0
918,2020-10-18,2016-06-02,27,153.58,1708.92,41,"VIP",67,1
919,2018-10-05,2022-01-24,100,47.56,2637.65,28,"Regular",29,1
920,2016-04-22,2019-04-04,50,81.94,1487.8,44,"Regular",85,0
921,2019-05-02,2018-07-27,76,88.53,4134.85,60,"Regular",63,0
922,2021-06-18,2020-06-04,9,185.49,2399.27,55,"Regular",95,0
923,2015-01-02,2019-12-13,16,134.69,3826.73,53,"Regular",79,0
924,2019-03-24,2018-05-24,28,175.37,4422.23,18,"VIP",113,1
925,2018-05-06,2020-02-09,92,94.32,4476.15,68,"VIP",70,1
926,2019-11-28,2018-08-06,77,146.82,2121.11,52,"VIP",113,1
927,2020-10-18,2021-02-01,71,55.51,3083.93,28,"Regular",35,0
928,2019-08-31,2016-07-25,3,115.01,948.7,52,"Regular",110,0
929,2018-09-18,2016-08-25,87,181.96,1106.28,35,"High-Value",22,1
930,2017-10-02,2021-02-04,12,72.32,1141.35,25,"Regular",16,0
931,2016-01-30,2020-05-01,88,75.01,1325.21,65,"Regular",56,0
932,2021-03-19,2019-03-02,20,97.36,601.32,53,"VIP",36,0
933,2017-09-17,2016-12-23,16,179.61,1691.57,51,"Regular",57,0
934,2015-10-31,2017-09-11,33,142.5,696.13,48,"Regular",23,0
935,2020-12-30,2017-08-31,43,98.8,741.87,35,"Regular",54,0
936,2015-03-13,2018-06-03,65,170.02,1523.32,57,"VIP",119,0
937,2019-01-22,2017-02-14,52,63.56,1262.92,49,"Regular",3,0
938,2020-08-08,2020-08-04,16,89.04,1239.93,70,"VIP",41,1
939,2019-10-10,2021-02-25,35,41.65,3131.61,46,"High-Value",120,1
940,2019-11-25,2021-10-08,15,61.98,1063.73,61,"Regular",109,1
941,2021-09-17,2017-11-26,89,143.76,3679.25,34,"Regular",10,0
942,2019-07-05,2022-09-01,40,198.8,4894.98,55,"High-Value",57,0
943,2020-04-26,2022-01-20,17,169.79,3640.79,32,"VIP",90,1
944,2016-03-11,2016-12-15,22,145.63,4820.17,70,"Regular",91,0
945,2020-02-03,2018-03-22,30,114.47,4546.46,38,"Regular",1,1
946,2018-10-19,2022-11-28,41,52.96,4976.75,69,"VIP",93,1
947,2015-06-15,2022-01-21,13,196.79,1573.3,30,"High-Value",98,0
948,2016-01-02,2023-03-03,57,168.33,4015.72,44,"VIP",58,1
949,2017-11-08,2016-09-25,1,194.29,3641.39,55,"VIP",53,0
950,2021-06-27,2017-03-21,52,114.43,2461.77,40,"Regular",69,0
951,2017-02-22,2019-11-03,76,153.93,3592.25,27,"Regular",42,1
952,2019-09-10,2021-12-21,31,163.25,1167.86,62,"Regular",18,1
953,2020-06-13,2017-03-26,64,110.26,599.7,33,"Regular",91,0
954,2017-10-02,2021-07-05,94,113.72,1109.75,52,"Regular",69,1
955,2017-05-15,2019-03-08,34,146.85,3614.39,68,"Regular",72,0
956,2020-03-09,2018-01-19,42,105.81,1893.38,58,"Regular",101,0
957,2017-07-19,2016-11-09,5,72.94,2069.29,64,"VIP",100,1
958,2015-12-13,2020-10-30,3,116.5,4549.19,55,"Regular",38,1
959,2016-06-14,2017-07-10,5,126.06,2647.82,46,"Regular",37,0
960,2015-02-05,2019-08-13,77,138.82,3863.5,26,"Regular",57,0
961,2015-07-18,2016-06-01,79,192.12,3362.18,65,"VIP",11,1
962,2020-10-03,2022-12-16,6,68.76,4159.1,69,"Regular",50,0
963,2020-10-22,2022-10-09,65,67.65,2895.96,36,"High-Value",50,0
964,2018-04-14,2021-05-10,74,66.1,2416.02,53,"Regular",17,1
965,2020-12-02,2022-08-16,55,98.31,2719.77,47,"VIP",99,0
966,2016-02-03,2021-06-22,25,96.81,770.61,39,"Regular",90,0
967,2019-04-15,2022-10-06,43,90.45,3249.37,62,"VIP",83,0
968,2017-08-14,2022-05-24,20,122.24,3325.73,45,"VIP",88,0
969,2020-08-30,2017-02-13,82,87.14,1203.63,56,"VIP",41,0
970,2018-06-14,2021-11-09,15,87.59,2367.66,65,"Regular",13,1
971,2018-04-18,2020-01-28,90,75.18,1771.28,28,"VIP",102,1
972,2015-09-27,2017-03-17,39,132.39,2212.61,40,"VIP",8,1
973,2020-04-10,2018-01-28,3,49.64,4040.46,67,"VIP",68,0
974,2017-04-15,2023-01-13,88,44.35,4934.86,31,"VIP",19,0
975,2018-01-21,2018-04-02,61,34.76,2787.66,53,"VIP",62,0
976,2016-05-07,2022-06-23,19,33.72,4134.94,64,"Regular",57,0
977,2017-12-23,2021-09-29,37,144.21,4833.93,65,"VIP",64,1
978,2018-10-12,2022-10-05,47,194.74,2343.49,27,"Regular",69,1
979,2016-02-11,2017-07-24,83,162.66,4484.74,60,"VIP",94,1
980,2020-04-15,2019-06-09,54,137.84,628.21,69,"Regular",15,0
981,2015-06-05,2019-02-12,7,144.22,3588.31,41,"Regular",57,0
982,2021-04-25,2018-04-15,92,82.22,2242.37,37,"Regular",65,0
983,2018-06-30,2019-02-10,16,135.93,1772.55,68,"VIP",30,0
984,2021-09-04,2019-05-29,5,90.16,4275.54,50,"High-Value",118,0
985,2019-11-03,2019-08-23,24,42.37,3091.21,47,"Regular",97,0
986,2021-03-26,2017-12-05,56,161.09,3404.12,22,"VIP",8,1
987,2016-05-21,2020-10-06,42,176.25,2130.96,33,"VIP",45,0
988,2020-09-27,2019-05-17,33,95.01,3232.54,51,"Regular",97,0
989,2018-11-07,2018-11-03,36,136.82,4633.81,40,"Regular",6,0
990,2016-10-30,2016-08-29,27,123.71,4334.05,37,"Regular",37,0
991,2017-03-08,2016-05-31,63,180.93,4968.06,59,"Regular",10,1
992,2021-02-22,2017-03-06,20,91.21,2448.02,49,"Regular",67,0
993,2021-09-03,2021-01-25,9,91.37,4439.93,22,"Regular",41,0
994,2019-07-07,2022-06-05,69,75.45,2141.36,65,"VIP",31,0
995,2018-01-24,2022-07-17,7,37.48,802.19,29,"Regular",95,1
996,2021-04-18,2019-01-16,53,150.77,2298.92,47,"VIP",64,0
997,2019-07-02,2016-10-04,33,180.16,2746.11,64,"VIP",61,0
998,2017-10-14,2020-05-06,52,120.13,3959.07,18,"Regular",22,1
999,2021-07-15,2021-05-29,2,43.68,1540.83,29,"Regular",51,0
1000,2018-05-30,2022-11-24,1,182.63,2272.24,25,"Regular",3,0
